[ 
  {"name": "Afghanistan", "code": "AF", "object": "country"}, 
  {"name": "Åland Islands", "code": "AX", "object": "country"}, 
  {"name": "Albania", "code": "AL", "object": "country"}, 
  {"name": "Algeria", "code": "DZ", "object": "country"}, 
  {"name": "American Samoa", "code": "AS", "object": "country"}, 
  {"name": "AndorrA", "code": "AD", "object": "country"}, 
  {"name": "Angola", "code": "AO", "object": "country"}, 
  {"name": "Anguilla", "code": "AI", "object": "country"}, 
  {"name": "Antarctica", "code": "AQ", "object": "country"}, 
  {"name": "Antigua and Barbuda", "code": "AG", "object": "country"}, 
  {"name": "Argentina", "code": "AR", "object": "country"}, 
  {"name": "Armenia", "code": "AM", "object": "country"}, 
  {"name": "Aruba", "code": "AW", "object": "country"}, 
  {"name": "Australia", "code": "AU", "object": "country"}, 
  {"name": "Austria", "code": "AT", "object": "country"}, 
  {"name": "Azerbaijan", "code": "AZ", "object": "country"}, 
  {"name": "Bahamas", "code": "BS", "object": "country"}, 
  {"name": "Bahrain", "code": "BH", "object": "country"}, 
  {"name": "Bangladesh", "code": "BD", "object": "country"}, 
  {"name": "Barbados", "code": "BB", "object": "country"}, 
  {"name": "Belarus", "code": "BY", "object": "country"}, 
  {"name": "Belgium", "code": "BE", "object": "country"}, 
  {"name": "Belize", "code": "BZ", "object": "country"}, 
  {"name": "Benin", "code": "BJ", "object": "country"}, 
  {"name": "Bermuda", "code": "BM", "object": "country"}, 
  {"name": "Bhutan", "code": "BT", "object": "country"}, 
  {"name": "Bolivia", "code": "BO", "object": "country"}, 
  {"name": "Bosnia and Herzegovina", "code": "BA", "object": "country"}, 
  {"name": "Botswana", "code": "BW", "object": "country"}, 
  {"name": "Bouvet Island", "code": "BV", "object": "country"}, 
  {"name": "Brazil", "code": "BR", "object": "country"}, 
  {"name": "British Indian Ocean Territory", "code": "IO", "object": "country"}, 
  {"name": "Brunei Darussalam", "code": "BN", "object": "country"}, 
  {"name": "Bulgaria", "code": "BG", "object": "country"}, 
  {"name": "Burkina Faso", "code": "BF", "object": "country"}, 
  {"name": "Burundi", "code": "BI", "object": "country"}, 
  {"name": "Cambodia", "code": "KH", "object": "country"}, 
  {"name": "Cameroon", "code": "CM", "object": "country"}, 
  {"name": "Canada", "code": "CA", "object": "country"}, 
  {"name": "Cape Verde", "code": "CV", "object": "country"}, 
  {"name": "Cayman Islands", "code": "KY", "object": "country"}, 
  {"name": "Central African Republic", "code": "CF", "object": "country"}, 
  {"name": "Chad", "code": "TD", "object": "country"}, 
  {"name": "Chile", "code": "CL", "object": "country"}, 
  {"name": "China", "code": "CN", "object": "country"}, 
  {"name": "Christmas Island", "code": "CX", "object": "country"}, 
  {"name": "Cocos (Keeling) Islands", "code": "CC", "object": "country"}, 
  {"name": "Colombia", "code": "CO", "object": "country"}, 
  {"name": "Comoros", "code": "KM", "object": "country"}, 
  {"name": "Congo", "code": "CG", "object": "country"}, 
  {"name": "Congo, The Democratic Republic of the", "code": "CD", "object": "country"}, 
  {"name": "Cook Islands", "code": "CK", "object": "country"}, 
  {"name": "Costa Rica", "code": "CR", "object": "country"}, 
  {"name": "Cote D\"Ivoire", "code": "CI", "object": "country"}, 
  {"name": "Croatia", "code": "HR", "object": "country"}, 
  {"name": "Cuba", "code": "CU", "object": "country"}, 
  {"name": "Cyprus", "code": "CY", "object": "country"}, 
  {"name": "Czech Republic", "code": "CZ", "object": "country"}, 
  {"name": "Denmark", "code": "DK", "object": "country"}, 
  {"name": "Djibouti", "code": "DJ", "object": "country"}, 
  {"name": "Dominica", "code": "DM", "object": "country"}, 
  {"name": "Dominican Republic", "code": "DO", "object": "country"}, 
  {"name": "Ecuador", "code": "EC", "object": "country"}, 
  {"name": "Egypt", "code": "EG", "object": "country"}, 
  {"name": "El Salvador", "code": "SV", "object": "country"}, 
  {"name": "Equatorial Guinea", "code": "GQ", "object": "country"}, 
  {"name": "Eritrea", "code": "ER", "object": "country"}, 
  {"name": "Estonia", "code": "EE", "object": "country"}, 
  {"name": "Ethiopia", "code": "ET", "object": "country"}, 
  {"name": "Falkland Islands (Malvinas)", "code": "FK", "object": "country"}, 
  {"name": "Faroe Islands", "code": "FO", "object": "country"}, 
  {"name": "Fiji", "code": "FJ", "object": "country"}, 
  {"name": "Finland", "code": "FI", "object": "country"}, 
  {"name": "France", "code": "FR", "object": "country"}, 
  {"name": "French Guiana", "code": "GF", "object": "country"}, 
  {"name": "French Polynesia", "code": "PF", "object": "country"}, 
  {"name": "French Southern Territories", "code": "TF", "object": "country"}, 
  {"name": "Gabon", "code": "GA", "object": "country"}, 
  {"name": "Gambia", "code": "GM", "object": "country"}, 
  {"name": "Georgia", "code": "GE", "object": "country"}, 
  {"name": "Germany", "code": "DE", "object": "country"}, 
  {"name": "Ghana", "code": "GH", "object": "country"}, 
  {"name": "Gibraltar", "code": "GI", "object": "country"}, 
  {"name": "Greece", "code": "GR", "object": "country"}, 
  {"name": "Greenland", "code": "GL", "object": "country"}, 
  {"name": "Grenada", "code": "GD", "object": "country"}, 
  {"name": "Guadeloupe", "code": "GP", "object": "country"}, 
  {"name": "Guam", "code": "GU", "object": "country"}, 
  {"name": "Guatemala", "code": "GT", "object": "country"}, 
  {"name": "Guernsey", "code": "GG", "object": "country"}, 
  {"name": "Guinea", "code": "GN", "object": "country"}, 
  {"name": "Guinea-Bissau", "code": "GW", "object": "country"}, 
  {"name": "Guyana", "code": "GY", "object": "country"}, 
  {"name": "Haiti", "code": "HT", "object": "country"}, 
  {"name": "Heard Island and Mcdonald Islands", "code": "HM", "object": "country"}, 
  {"name": "Holy See (Vatican City State)", "code": "VA", "object": "country"}, 
  {"name": "Honduras", "code": "HN", "object": "country"}, 
  {"name": "Hong Kong", "code": "HK", "object": "country"}, 
  {"name": "Hungary", "code": "HU", "object": "country"}, 
  {"name": "Iceland", "code": "IS", "object": "country"}, 
  {"name": "India", "code": "IN", "object": "country"}, 
  {"name": "Indonesia", "code": "ID", "object": "country"}, 
  {"name": "Iran, Islamic Republic Of", "code": "IR", "object": "country"}, 
  {"name": "Iraq", "code": "IQ", "object": "country"}, 
  {"name": "Ireland", "code": "IE", "object": "country"}, 
  {"name": "Isle of Man", "code": "IM", "object": "country"}, 
  {"name": "Israel", "code": "IL", "object": "country"}, 
  {"name": "Italy", "code": "IT", "object": "country"}, 
  {"name": "Jamaica", "code": "JM", "object": "country"}, 
  {"name": "Japan", "code": "JP", "object": "country"}, 
  {"name": "Jersey", "code": "JE", "object": "country"}, 
  {"name": "Jordan", "code": "JO", "object": "country"}, 
  {"name": "Kazakhstan", "code": "KZ", "object": "country"}, 
  {"name": "Kenya", "code": "KE", "object": "country"}, 
  {"name": "Kiribati", "code": "KI", "object": "country"}, 
  {"name": "Korea, Democratic People\"S Republic of", "code": "KP", "object": "country"}, 
  {"name": "Korea, Republic of", "code": "KR", "object": "country"}, 
  {"name": "Kuwait", "code": "KW", "object": "country"}, 
  {"name": "Kyrgyzstan", "code": "KG", "object": "country"}, 
  {"name": "Lao People\"S Democratic Republic", "code": "LA", "object": "country"}, 
  {"name": "Latvia", "code": "LV", "object": "country"}, 
  {"name": "Lebanon", "code": "LB", "object": "country"}, 
  {"name": "Lesotho", "code": "LS", "object": "country"}, 
  {"name": "Liberia", "code": "LR", "object": "country"}, 
  {"name": "Libyan Arab Jamahiriya", "code": "LY", "object": "country"}, 
  {"name": "Liechtenstein", "code": "LI", "object": "country"}, 
  {"name": "Lithuania", "code": "LT", "object": "country"}, 
  {"name": "Luxembourg", "code": "LU", "object": "country"}, 
  {"name": "Macao", "code": "MO", "object": "country"}, 
  {"name": "Macedonia, The Former Yugoslav Republic of", "code": "MK", "object": "country"}, 
  {"name": "Madagascar", "code": "MG", "object": "country"}, 
  {"name": "Malawi", "code": "MW", "object": "country"}, 
  {"name": "Malaysia", "code": "MY", "object": "country"}, 
  {"name": "Maldives", "code": "MV", "object": "country"}, 
  {"name": "Mali", "code": "ML", "object": "country"}, 
  {"name": "Malta", "code": "MT", "object": "country"}, 
  {"name": "Marshall Islands", "code": "MH", "object": "country"}, 
  {"name": "Martinique", "code": "MQ", "object": "country"}, 
  {"name": "Mauritania", "code": "MR", "object": "country"}, 
  {"name": "Mauritius", "code": "MU", "object": "country"}, 
  {"name": "Mayotte", "code": "YT", "object": "country"}, 
  {"name": "Mexico", "code": "MX", "object": "country"}, 
  {"name": "Micronesia, Federated States of", "code": "FM", "object": "country"}, 
  {"name": "Moldova, Republic of", "code": "MD", "object": "country"}, 
  {"name": "Monaco", "code": "MC", "object": "country"}, 
  {"name": "Mongolia", "code": "MN", "object": "country"}, 
  {"name": "Montserrat", "code": "MS", "object": "country"}, 
  {"name": "Morocco", "code": "MA", "object": "country"}, 
  {"name": "Mozambique", "code": "MZ", "object": "country"}, 
  {"name": "Myanmar", "code": "MM", "object": "country"}, 
  {"name": "Namibia", "code": "NA", "object": "country"}, 
  {"name": "Nauru", "code": "NR", "object": "country"}, 
  {"name": "Nepal", "code": "NP", "object": "country"}, 
  {"name": "Netherlands", "code": "NL", "object": "country"}, 
  {"name": "Netherlands Antilles", "code": "AN", "object": "country"}, 
  {"name": "New Caledonia", "code": "NC", "object": "country"}, 
  {"name": "New Zealand", "code": "NZ", "object": "country"}, 
  {"name": "Nicaragua", "code": "NI", "object": "country"}, 
  {"name": "Niger", "code": "NE", "object": "country"}, 
  {"name": "Nigeria", "code": "NG", "object": "country"}, 
  {"name": "Niue", "code": "NU", "object": "country"}, 
  {"name": "Norfolk Island", "code": "NF", "object": "country"}, 
  {"name": "Northern Mariana Islands", "code": "MP", "object": "country"}, 
  {"name": "Norway", "code": "NO", "object": "country"}, 
  {"name": "Oman", "code": "OM", "object": "country"}, 
  {"name": "Pakistan", "code": "PK", "object": "country"}, 
  {"name": "Palau", "code": "PW", "object": "country"}, 
  {"name": "Palestinian Territory, Occupied", "code": "PS", "object": "country"}, 
  {"name": "Panama", "code": "PA", "object": "country"}, 
  {"name": "Papua New Guinea", "code": "PG", "object": "country"}, 
  {"name": "Paraguay", "code": "PY", "object": "country"}, 
  {"name": "Peru", "code": "PE", "object": "country"}, 
  {"name": "Philippines", "code": "PH", "object": "country"}, 
  {"name": "Pitcairn", "code": "PN", "object": "country"}, 
  {"name": "Poland", "code": "PL", "object": "country"}, 
  {"name": "Portugal", "code": "PT", "object": "country"}, 
  {"name": "Puerto Rico", "code": "PR", "object": "country"}, 
  {"name": "Qatar", "code": "QA", "object": "country"}, 
  {"name": "Reunion", "code": "RE", "object": "country"}, 
  {"name": "Romania", "code": "RO", "object": "country"}, 
  {"name": "Russian Federation", "code": "RU", "object": "country"}, 
  {"name": "RWANDA", "code": "RW", "object": "country"}, 
  {"name": "Saint Helena", "code": "SH", "object": "country"}, 
  {"name": "Saint Kitts and Nevis", "code": "KN", "object": "country"}, 
  {"name": "Saint Lucia", "code": "LC", "object": "country"}, 
  {"name": "Saint Pierre and Miquelon", "code": "PM", "object": "country"}, 
  {"name": "Saint Vincent and the Grenadines", "code": "VC", "object": "country"}, 
  {"name": "Samoa", "code": "WS", "object": "country"}, 
  {"name": "San Marino", "code": "SM", "object": "country"}, 
  {"name": "Sao Tome and Principe", "code": "ST", "object": "country"}, 
  {"name": "Saudi Arabia", "code": "SA", "object": "country"}, 
  {"name": "Senegal", "code": "SN", "object": "country"}, 
  {"name": "Serbia and Montenegro", "code": "CS", "object": "country"}, 
  {"name": "Seychelles", "code": "SC", "object": "country"}, 
  {"name": "Sierra Leone", "code": "SL", "object": "country"}, 
  {"name": "Singapore", "code": "SG", "object": "country"}, 
  {"name": "Slovakia", "code": "SK", "object": "country"}, 
  {"name": "Slovenia", "code": "SI", "object": "country"}, 
  {"name": "Solomon Islands", "code": "SB", "object": "country"}, 
  {"name": "Somalia", "code": "SO", "object": "country"}, 
  {"name": "South Africa", "code": "ZA", "object": "country"}, 
  {"name": "South Georgia and the South Sandwich Islands", "code": "GS", "object": "country"}, 
  {"name": "Spain", "code": "ES", "object": "country"}, 
  {"name": "Sri Lanka", "code": "LK", "object": "country"}, 
  {"name": "Sudan", "code": "SD", "object": "country"}, 
  {"name": "Suriname", "code": "SR", "object": "country"}, 
  {"name": "Svalbard and Jan Mayen", "code": "SJ", "object": "country"}, 
  {"name": "Swaziland", "code": "SZ", "object": "country"}, 
  {"name": "Sweden", "code": "SE", "object": "country"}, 
  {"name": "Switzerland", "code": "CH", "object": "country"}, 
  {"name": "Syrian Arab Republic", "code": "SY", "object": "country"}, 
  {"name": "Taiwan, Province of China", "code": "TW", "object": "country"}, 
  {"name": "Tajikistan", "code": "TJ", "object": "country"}, 
  {"name": "Tanzania, United Republic of", "code": "TZ", "object": "country"}, 
  {"name": "Thailand", "code": "TH", "object": "country"}, 
  {"name": "Timor-Leste", "code": "TL", "object": "country"}, 
  {"name": "Togo", "code": "TG", "object": "country"}, 
  {"name": "Tokelau", "code": "TK", "object": "country"}, 
  {"name": "Tonga", "code": "TO", "object": "country"}, 
  {"name": "Trinidad and Tobago", "code": "TT", "object": "country"}, 
  {"name": "Tunisia", "code": "TN", "object": "country"}, 
  {"name": "Turkey", "code": "TR", "object": "country"}, 
  {"name": "Turkmenistan", "code": "TM", "object": "country"}, 
  {"name": "Turks and Caicos Islands", "code": "TC", "object": "country"}, 
  {"name": "Tuvalu", "code": "TV", "object": "country"}, 
  {"name": "Uganda", "code": "UG", "object": "country"}, 
  {"name": "Ukraine", "code": "UA", "object": "country"}, 
  {"name": "United Arab Emirates", "code": "AE", "object": "country"}, 
  {"name": "United Kingdom", "code": "GB", "object": "country"}, 
  {"name": "United States", "code": "US", "object": "country"}, 
  {"name": "United States Minor Outlying Islands", "code": "UM", "object": "country"}, 
  {"name": "Uruguay", "code": "UY", "object": "country"}, 
  {"name": "Uzbekistan", "code": "UZ", "object": "country"}, 
  {"name": "Vanuatu", "code": "VU", "object": "country"}, 
  {"name": "Venezuela", "code": "VE", "object": "country"}, 
  {"name": "Viet Nam", "code": "VN", "object": "country"}, 
  {"name": "Virgin Islands, British", "code": "VG", "object": "country"}, 
  {"name": "Virgin Islands, U.S.", "code": "VI", "object": "country"}, 
  {"name": "Wallis and Futuna", "code": "WF", "object": "country"}, 
  {"name": "Western Sahara", "code": "EH", "object": "country"}, 
  {"name": "Yemen", "code": "YE", "object": "country"}, 
  {"name": "Zambia", "code": "ZM", "object": "country"}, 
  {"name": "Zimbabwe", "code": "ZW", "object": "country"} 
]